,LR_precision,LR_recall,LR_f1-score,LR_support,RF_precision,RF_recall,RF_f1-score,RF_support
Low,0.7452830188679245,0.7523809523809524,0.7488151658767772,105.0,0.6846153846153846,0.8476190476190476,0.7574468085106383,105.0
Medium,0.45714285714285713,0.3018867924528302,0.36363636363636365,53.0,0.42424242424242425,0.2641509433962264,0.32558139534883723,53.0
High,0.14814814814814814,0.4,0.21621621621621623,10.0,0.2,0.1,0.13333333333333333,10.0
accuracy,0.5892857142857143,0.5892857142857143,0.5892857142857143,0.5892857142857143,0.6190476190476191,0.6190476190476191,0.6190476190476191,0.6190476190476191
macro avg,0.4501913413863099,0.48475591494459414,0.4428892485764524,168.0,0.4362859362859363,0.4039233303384247,0.4054538457309363,168.0
weighted avg,0.6188379160189582,0.5892857142857143,0.5955981062616134,168.0,0.5736277611277611,0.6190476190476191,0.5840539415502304,168.0
