lr,rf
0.38784222046504163,0.31423098824869283
0.5045977011494253,0.5143903715332288
